{
  "project_info": {
    "project_number": "910795230870",
    "firebase_url": "https://waykisafev2-default-rtdb.firebaseio.com",
    "project_id": "waykisafev2",
    "storage_bucket": "waykisafev2.firebasestorage.app"
  },
  "client": [
    {
      "client_info": {
        "mobilesdk_app_id": "1:910795230870:android:7f32ffa02a3885a5377cb7",
        "android_client_info": {
          "package_name": "com.example.waykisafev1"
        }
      },
      "oauth_client": [],
      "api_key": [
        {
          "current_key": "AIzaSyBcuAhYFeeTDAucTC1t0LudaKQMqMGu3WA"
        }
      ],
      "services": {
        "appinvite_service": {
          "other_platform_oauth_client": []
        }
      }
    }
  ],
  "configuration_version": "1"
}